app,installed_app,installed_app_24,installed_app_72,similar_app,hot_app,social_app,contact,contact_default,family,grandparent,land_line_ratio,land_line_count,mobile_phone_count,no_mobile_phone_ratio,offspring,parent,risk_keyword_ratio,risk_keyword_count,siblings,spouse,target
,,,,,,,461.0,0.0,3.0,1.0,0.3687635575,170.0,251.0,0.5444685466,0.0,1.0,0.0151843818,7.0,1.0,0.0,0
,,,,,,,1461.0,0.0,3.0,3.0,0.3244353183,474.0,769.0,0.5263518138,0.0,0.0,0.0164271047,24.0,1.0,0.0,0
340.0,99.0,2.0,3.0,30.0,9.0,True,1093.0,0.0,0.0,0.0,0.3357731016,367.0,689.0,0.6303751144,0.0,0.0,0.0237877402,26.0,0.0,0.0,0
331.0,116.0,7.0,15.0,16.0,6.0,True,3108.0,0.0,2.0,1.0,0.3021235521,939.0,2144.0,0.6898326898,0.0,0.0,0.0115830116,36.0,1.0,0.0,0
274.0,44.0,2.0,2.0,7.0,5.0,True,248.0,0.0,0.0,0.0,0.6653225806,165.0,80.0,0.3225806452,0.0,0.0,0.0443548387,11.0,0.0,0.0,1
305.0,90.0,5.0,5.0,11.0,6.0,True,366.0,0.0,4.0,0.0,0.3032786885,111.0,251.0,0.6857923497,0.0,1.0,0.0163934426,6.0,3.0,0.0,0
258.0,32.0,6.0,6.0,10.0,7.0,True,299.0,0.0,0.0,0.0,0.4581939799,137.0,158.0,0.5284280936,0.0,0.0,0.0066889632,2.0,0.0,0.0,0
326.0,29.0,8.0,11.0,8.0,4.0,True,383.0,0.0,1.0,0.0,0.318537859,122.0,240.0,0.6266318538,0.0,0.0,0.0130548303,5.0,0.0,1.0,0
250.0,36.0,4.0,4.0,7.0,4.0,True,1291.0,0.0,0.0,0.0,0.4453911696,575.0,687.0,0.5321456235,0.0,0.0,0.0131680868,17.0,0.0,0.0,0
420.0,104.0,4.0,5.0,11.0,7.0,True,236.0,0.0,5.0,0.0,0.3686440678,87.0,139.0,0.5889830508,0.0,3.0,0.0084745763,2.0,1.0,1.0,0
378.0,64.0,2.0,3.0,5.0,5.0,True,654.0,0.0,4.0,0.0,0.3134556575,205.0,436.0,0.6666666667,0.0,4.0,0.0076452599,5.0,0.0,0.0,0
362.0,48.0,2.0,3.0,3.0,6.0,True,29.0,0.0,0.0,0.0,0.275862069,8.0,4.0,0.1379310345,0.0,0.0,0.0,0.0,0.0,0.0,0
381.0,65.0,5.0,6.0,18.0,7.0,True,2309.0,0.0,1.0,0.0,0.5019488956,1159.0,1115.0,0.4828930273,0.0,0.0,0.0030316154,7.0,1.0,0.0,0
294.0,61.0,1.0,4.0,8.0,7.0,True,177.0,0.0,3.0,1.0,0.3220338983,57.0,106.0,0.5988700565,0.0,1.0,0.011299435,2.0,2.0,0.0,1
,,,,,,,180.0,0.0,4.0,0.0,0.4111111111,74.0,100.0,0.5555555556,0.0,2.0,0.0277777778,5.0,2.0,0.0,0
320.0,54.0,4.0,6.0,12.0,9.0,True,307.0,0.0,5.0,2.0,0.3973941368,122.0,180.0,0.5863192182,0.0,3.0,0.009771987,3.0,2.0,0.0,0
280.0,43.0,12.0,13.0,9.0,6.0,True,380.0,0.0,0.0,0.0,0.3078947368,117.0,254.0,0.6684210526,0.0,0.0,0.0026315789,1.0,0.0,0.0,1
359.0,44.0,4.0,6.0,11.0,8.0,True,259.0,0.0,1.0,0.0,0.4555984556,118.0,126.0,0.4864864865,0.0,1.0,0.0193050193,5.0,0.0,0.0,0
326.0,66.0,5.0,7.0,20.0,7.0,True,238.0,0.0,2.0,0.0,0.3529411765,84.0,148.0,0.6218487395,0.0,1.0,0.012605042,3.0,1.0,0.0,0
357.0,142.0,2.0,3.0,60.0,6.0,True,864.0,0.0,2.0,0.0,0.4571759259,395.0,437.0,0.505787037,0.0,1.0,0.0081018519,7.0,1.0,0.0,1
315.0,33.0,3.0,7.0,6.0,7.0,True,776.0,0.0,3.0,2.0,0.3530927835,274.0,467.0,0.6018041237,0.0,1.0,0.0090206186,7.0,2.0,0.0,0
306.0,57.0,4.0,7.0,12.0,7.0,True,228.0,0.0,3.0,0.0,0.3640350877,83.0,142.0,0.6228070175,0.0,2.0,0.0131578947,3.0,1.0,0.0,0
406.0,61.0,2.0,6.0,3.0,8.0,True,346.0,0.0,0.0,0.0,0.4450867052,154.0,139.0,0.401734104,0.0,0.0,0.0028901734,1.0,0.0,0.0,0
305.0,64.0,7.0,8.0,18.0,8.0,True,264.0,0.0,5.0,0.0,0.3863636364,102.0,123.0,0.4659090909,0.0,4.0,0.0151515152,4.0,1.0,0.0,1
242.0,27.0,2.0,4.0,7.0,4.0,True,192.0,0.0,1.0,0.0,0.2864583333,55.0,133.0,0.6927083333,0.0,1.0,0.0208333333,4.0,0.0,0.0,1
333.0,46.0,1.0,2.0,10.0,8.0,True,164.0,0.0,3.0,1.0,0.4573170732,75.0,88.0,0.5365853659,0.0,2.0,0.0,0.0,2.0,0.0,0
379.0,65.0,4.0,4.0,11.0,7.0,True,253.0,0.0,2.0,0.0,0.4505928854,114.0,121.0,0.4782608696,0.0,1.0,0.0395256917,10.0,0.0,1.0,0
412.0,115.0,3.0,4.0,31.0,7.0,True,466.0,0.0,2.0,0.0,0.2918454936,136.0,306.0,0.6566523605,0.0,2.0,0.0193133047,9.0,0.0,0.0,0
494.0,179.0,4.0,7.0,14.0,8.0,True,1520.0,0.0,9.0,2.0,0.4493421053,683.0,788.0,0.5184210526,0.0,4.0,0.0190789474,29.0,2.0,1.0,0
313.0,77.0,7.0,14.0,12.0,7.0,True,178.0,0.0,1.0,0.0,0.4943820225,88.0,87.0,0.4887640449,0.0,1.0,0.0112359551,2.0,0.0,0.0,1
388.0,73.0,0.0,3.0,12.0,8.0,True,998.0,0.0,3.0,1.0,0.2875751503,287.0,705.0,0.7064128257,0.0,2.0,0.004008016,4.0,1.0,0.0,0
355.0,106.0,5.0,6.0,32.0,8.0,True,414.0,0.0,2.0,1.0,0.422705314,175.0,229.0,0.5531400966,0.0,1.0,0.0,0.0,1.0,0.0,1
354.0,45.0,4.0,6.0,7.0,6.0,False,318.0,0.0,3.0,0.0,0.5754716981,183.0,111.0,0.3490566038,0.0,3.0,0.0,0.0,0.0,0.0,0
346.0,73.0,2.0,8.0,16.0,7.0,True,1212.0,0.0,6.0,2.0,0.4653465347,564.0,579.0,0.4777227723,0.0,3.0,0.0107260726,13.0,1.0,0.0,0
252.0,36.0,5.0,8.0,7.0,5.0,True,1263.0,0.0,5.0,0.0,0.4085510689,516.0,706.0,0.55898654,0.0,5.0,0.0102929533,13.0,0.0,0.0,1
284.0,64.0,3.0,11.0,14.0,6.0,True,553.0,0.0,7.0,2.0,0.3616636528,200.0,335.0,0.6057866184,0.0,2.0,0.0180831826,10.0,3.0,1.0,0
278.0,55.0,4.0,6.0,9.0,7.0,True,1443.0,0.0,7.0,0.0,0.3541233541,511.0,923.0,0.6396396396,0.0,3.0,0.009009009,13.0,3.0,1.0,0
338.0,107.0,7.0,14.0,10.0,5.0,True,527.0,0.0,5.0,0.0,0.4288425047,226.0,281.0,0.5332068311,0.0,3.0,0.0018975332,1.0,1.0,1.0,0
312.0,66.0,4.0,4.0,9.0,6.0,True,581.0,1.0,2.0,0.0,0.3993115318,232.0,332.0,0.5714285714,0.0,0.0,0.0206540448,12.0,2.0,0.0,0
290.0,53.0,2.0,5.0,12.0,8.0,True,144.0,0.0,3.0,0.0,0.5625,81.0,61.0,0.4236111111,0.0,0.0,0.0277777778,4.0,3.0,0.0,1
301.0,41.0,3.0,4.0,4.0,6.0,True,263.0,0.0,0.0,0.0,0.4600760456,121.0,126.0,0.4790874525,0.0,0.0,0.0152091255,4.0,0.0,0.0,1
283.0,54.0,2.0,5.0,8.0,3.0,True,105.0,0.0,1.0,0.0,0.4571428571,48.0,44.0,0.419047619,0.0,1.0,0.0476190476,5.0,0.0,0.0,0
323.0,104.0,3.0,5.0,7.0,8.0,True,825.0,0.0,1.0,0.0,0.4157575758,343.0,470.0,0.5696969697,0.0,1.0,0.0060606061,5.0,0.0,0.0,1
235.0,19.0,3.0,6.0,6.0,2.0,True,156.0,0.0,0.0,0.0,0.4871794872,76.0,62.0,0.3974358974,0.0,0.0,0.0,0.0,0.0,0.0,0
394.0,78.0,3.0,3.0,9.0,8.0,True,175.0,0.0,2.0,0.0,0.5314285714,93.0,69.0,0.3942857143,0.0,1.0,0.0285714286,5.0,1.0,0.0,0
255.0,28.0,5.0,10.0,11.0,8.0,True,237.0,0.0,1.0,0.0,0.4936708861,117.0,119.0,0.5021097046,0.0,0.0,0.0337552743,8.0,1.0,0.0,1
273.0,64.0,11.0,20.0,16.0,7.0,True,2299.0,0.0,0.0,0.0,0.3514571553,808.0,1468.0,0.638538495,0.0,0.0,0.0165289256,38.0,0.0,0.0,0
310.0,64.0,7.0,8.0,11.0,8.0,True,275.0,0.0,3.0,3.0,0.3563636364,98.0,157.0,0.5709090909,0.0,0.0,0.0109090909,3.0,2.0,0.0,0
410.0,194.0,13.0,26.0,39.0,6.0,True,267.0,0.0,1.0,0.0,0.531835206,142.0,119.0,0.4456928839,0.0,1.0,0.0299625468,8.0,0.0,0.0,0
360.0,144.0,7.0,11.0,8.0,6.0,True,2330.0,0.0,5.0,2.0,0.5214592275,1215.0,1061.0,0.4553648069,0.0,2.0,0.0060085837,14.0,2.0,0.0,0
278.0,24.0,2.0,2.0,7.0,5.0,True,291.0,0.0,5.0,0.0,0.5498281787,160.0,125.0,0.4295532646,0.0,2.0,0.0549828179,16.0,1.0,2.0,0
337.0,62.0,2.0,3.0,12.0,8.0,True,198.0,0.0,1.0,0.0,0.404040404,80.0,91.0,0.4595959596,0.0,0.0,0.0050505051,1.0,1.0,0.0,0
363.0,66.0,3.0,7.0,10.0,8.0,True,596.0,0.0,3.0,0.0,0.3976510067,237.0,320.0,0.5369127517,1.0,0.0,0.0100671141,6.0,2.0,0.0,0
285.0,76.0,12.0,22.0,17.0,8.0,True,1061.0,0.0,2.0,0.0,0.2441093308,259.0,796.0,0.7502356268,0.0,0.0,0.0188501414,20.0,2.0,0.0,0
328.0,68.0,0.0,3.0,13.0,6.0,True,548.0,0.0,2.0,1.0,0.3284671533,180.0,347.0,0.6332116788,0.0,1.0,0.0,0.0,0.0,0.0,0
333.0,87.0,5.0,5.0,13.0,9.0,True,480.0,0.0,0.0,0.0,0.5541666667,266.0,194.0,0.4041666667,0.0,0.0,0.03125,15.0,0.0,0.0,1
284.0,68.0,6.0,9.0,9.0,7.0,True,369.0,0.0,2.0,1.0,0.5149051491,190.0,157.0,0.4254742547,0.0,0.0,0.0460704607,17.0,1.0,0.0,0
312.0,52.0,15.0,18.0,20.0,9.0,True,414.0,0.0,1.0,0.0,0.3405797101,141.0,244.0,0.5893719807,0.0,0.0,0.0072463768,3.0,1.0,0.0,0
227.0,22.0,2.0,2.0,3.0,5.0,True,528.0,0.0,5.0,0.0,0.4204545455,222.0,277.0,0.5246212121,0.0,4.0,0.0625,33.0,1.0,0.0,0
256.0,34.0,9.0,9.0,6.0,5.0,True,300.0,0.0,0.0,0.0,0.4466666667,134.0,151.0,0.5033333333,0.0,0.0,0.0166666667,5.0,0.0,0.0,0
309.0,63.0,4.0,5.0,11.0,9.0,True,184.0,0.0,1.0,0.0,0.4347826087,80.0,101.0,0.5489130435,0.0,1.0,0.0108695652,2.0,0.0,0.0,0
327.0,92.0,1.0,3.0,10.0,9.0,True,2439.0,0.0,1.0,1.0,0.2742927429,669.0,1718.0,0.7043870439,0.0,1.0,0.0086100861,21.0,1.0,0.0,0
315.0,78.0,3.0,4.0,13.0,9.0,True,1158.0,0.0,8.0,2.0,0.3367875648,390.0,731.0,0.6312607945,1.0,4.0,0.0034542314,4.0,3.0,0.0,0
213.0,17.0,4.0,7.0,5.0,4.0,True,195.0,0.0,0.0,0.0,0.6,117.0,68.0,0.3487179487,0.0,0.0,0.0153846154,3.0,0.0,0.0,0
334.0,55.0,0.0,4.0,9.0,7.0,True,1518.0,0.0,3.0,0.0,0.4927536232,748.0,710.0,0.4677206851,0.0,2.0,0.0520421607,79.0,1.0,0.0,0
309.0,49.0,3.0,3.0,7.0,6.0,True,331.0,0.0,3.0,1.0,0.4954682779,164.0,141.0,0.4259818731,0.0,1.0,0.0060422961,2.0,2.0,0.0,0
344.0,78.0,3.0,7.0,5.0,8.0,True,277.0,0.0,2.0,0.0,0.3646209386,101.0,159.0,0.5740072202,0.0,1.0,0.0180505415,5.0,1.0,0.0,0
254.0,60.0,4.0,5.0,10.0,8.0,True,694.0,0.0,0.0,0.0,0.3443804035,239.0,429.0,0.6181556196,0.0,0.0,0.0014409222,1.0,0.0,0.0,0
280.0,43.0,4.0,5.0,9.0,7.0,True,127.0,0.0,4.0,2.0,0.3622047244,46.0,72.0,0.5669291339,0.0,1.0,0.0236220472,3.0,1.0,1.0,0
254.0,53.0,13.0,16.0,6.0,7.0,True,477.0,0.0,6.0,0.0,0.3312368973,158.0,308.0,0.6457023061,0.0,1.0,0.0083857442,4.0,5.0,0.0,1
371.0,155.0,1.0,3.0,42.0,7.0,True,881.0,0.0,3.0,0.0,0.4971623156,438.0,401.0,0.4551645857,0.0,2.0,0.0147559591,13.0,1.0,0.0,0
323.0,80.0,1.0,7.0,16.0,6.0,True,737.0,0.0,4.0,0.0,0.394843962,291.0,406.0,0.5508819539,0.0,4.0,0.0203527815,15.0,0.0,0.0,1
368.0,125.0,3.0,12.0,18.0,8.0,True,1557.0,0.0,0.0,0.0,0.2915863841,454.0,985.0,0.6326268465,0.0,0.0,0.0032113038,5.0,0.0,0.0,1
274.0,44.0,2.0,4.0,10.0,5.0,True,365.0,0.0,1.0,0.0,0.4657534247,170.0,194.0,0.5315068493,1.0,0.0,0.002739726,1.0,0.0,0.0,0
,,,,,,,684.0,0.0,2.0,0.0,0.480994152,329.0,345.0,0.5043859649,0.0,2.0,0.0029239766,2.0,0.0,0.0,0
297.0,37.0,2.0,4.0,8.0,7.0,True,285.0,0.0,1.0,0.0,0.3824561404,109.0,122.0,0.4280701754,0.0,1.0,0.0035087719,1.0,0.0,0.0,0
326.0,69.0,2.0,4.0,8.0,8.0,True,1013.0,0.0,7.0,0.0,0.4254689042,431.0,498.0,0.4916090819,0.0,4.0,0.011846002,12.0,2.0,1.0,0
364.0,52.0,4.0,5.0,6.0,8.0,True,102.0,0.0,0.0,0.0,0.6274509804,64.0,36.0,0.3529411765,0.0,0.0,0.0,0.0,0.0,0.0,0
290.0,60.0,3.0,4.0,5.0,5.0,True,807.0,0.0,5.0,1.0,0.5340768278,431.0,351.0,0.4349442379,0.0,3.0,0.0049566295,4.0,2.0,0.0,0
282.0,67.0,6.0,6.0,6.0,7.0,True,657.0,0.0,3.0,0.0,0.3546423135,233.0,409.0,0.6225266362,0.0,1.0,0.00152207,1.0,1.0,1.0,0
367.0,63.0,2.0,3.0,3.0,5.0,True,605.0,0.0,1.0,0.0,0.4495867769,272.0,300.0,0.4958677686,1.0,0.0,0.0066115702,4.0,0.0,0.0,0
268.0,52.0,1.0,5.0,8.0,6.0,True,174.0,0.0,1.0,0.0,0.4022988506,70.0,100.0,0.5747126437,0.0,0.0,0.0,0.0,1.0,0.0,0
275.0,65.0,2.0,9.0,28.0,7.0,True,139.0,0.0,1.0,0.0,0.4892086331,68.0,60.0,0.4316546763,0.0,1.0,0.0,0.0,0.0,0.0,0
245.0,32.0,4.0,4.0,13.0,4.0,True,114.0,0.0,0.0,0.0,0.3947368421,45.0,64.0,0.5614035088,0.0,0.0,0.0087719298,1.0,0.0,0.0,0
254.0,55.0,4.0,12.0,8.0,9.0,True,48.0,0.0,0.0,0.0,0.4791666667,23.0,13.0,0.2708333333,0.0,0.0,0.0625,3.0,0.0,0.0,0
279.0,63.0,2.0,3.0,12.0,5.0,True,268.0,0.0,3.0,0.0,0.3320895522,89.0,166.0,0.6194029851,1.0,2.0,0.0223880597,6.0,0.0,0.0,0
335.0,51.0,3.0,3.0,11.0,8.0,True,1196.0,0.0,1.0,0.0,0.4473244147,535.0,599.0,0.5008361204,0.0,1.0,0.0200668896,24.0,0.0,0.0,0
331.0,41.0,11.0,21.0,8.0,4.0,True,757.0,0.0,3.0,1.0,0.4570673712,346.0,333.0,0.4398943197,0.0,1.0,0.0184940555,14.0,1.0,1.0,0
238.0,19.0,3.0,4.0,3.0,4.0,True,76.0,0.0,0.0,0.0,0.6184210526,47.0,27.0,0.3552631579,0.0,0.0,0.0131578947,1.0,0.0,0.0,0
195.0,56.0,6.0,7.0,11.0,3.0,True,146.0,0.0,0.0,0.0,0.3698630137,54.0,87.0,0.595890411,0.0,0.0,0.0753424658,11.0,0.0,0.0,0
289.0,76.0,10.0,10.0,11.0,7.0,True,569.0,0.0,3.0,0.0,0.4165202109,237.0,313.0,0.5500878735,0.0,2.0,0.0017574692,1.0,1.0,0.0,0
313.0,58.0,1.0,7.0,18.0,8.0,True,504.0,0.0,0.0,0.0,0.4146825397,209.0,284.0,0.5634920635,0.0,0.0,0.001984127,1.0,0.0,0.0,1
343.0,94.0,9.0,11.0,12.0,6.0,True,226.0,0.0,4.0,2.0,0.6504424779,147.0,72.0,0.3185840708,0.0,2.0,0.0044247788,1.0,1.0,0.0,0
374.0,92.0,2.0,3.0,2.0,9.0,True,1272.0,0.0,2.0,1.0,0.4378930818,557.0,653.0,0.5133647799,0.0,0.0,0.0172955975,22.0,2.0,0.0,0
306.0,38.0,4.0,6.0,7.0,8.0,True,71.0,0.0,0.0,0.0,0.5633802817,40.0,30.0,0.4225352113,0.0,0.0,0.0,0.0,0.0,0.0,0
322.0,100.0,1.0,4.0,12.0,6.0,True,1548.0,0.0,10.0,2.0,0.4599483204,712.0,727.0,0.4696382429,1.0,2.0,0.003875969,6.0,5.0,0.0,0
249.0,19.0,3.0,3.0,2.0,3.0,True,761.0,0.0,2.0,0.0,0.482260184,367.0,385.0,0.505913272,0.0,1.0,0.0275952694,21.0,0.0,1.0,0
278.0,37.0,4.0,5.0,8.0,4.0,True,384.0,0.0,1.0,0.0,0.40625,156.0,194.0,0.5052083333,0.0,1.0,0.0104166667,4.0,0.0,0.0,0
332.0,80.0,7.0,13.0,20.0,7.0,True,2857.0,0.0,2.0,0.0,0.2299614981,657.0,2120.0,0.7420371019,0.0,0.0,0.0059502975,17.0,2.0,0.0,0
285.0,42.0,2.0,4.0,3.0,5.0,True,208.0,0.0,2.0,0.0,0.5913461538,123.0,81.0,0.3894230769,0.0,2.0,0.0096153846,2.0,0.0,0.0,1
287.0,45.0,5.0,6.0,6.0,4.0,True,249.0,0.0,5.0,1.0,0.3734939759,93.0,138.0,0.5542168675,1.0,2.0,0.0281124498,7.0,1.0,0.0,0
483.0,153.0,7.0,13.0,16.0,8.0,True,778.0,0.0,3.0,1.0,0.3907455013,304.0,428.0,0.5501285347,0.0,0.0,0.0025706941,2.0,3.0,0.0,0
357.0,91.0,13.0,14.0,22.0,9.0,True,200.0,0.0,2.0,1.0,0.335,67.0,122.0,0.61,0.0,1.0,0.0,0.0,1.0,0.0,0
245.0,39.0,4.0,4.0,2.0,5.0,True,222.0,0.0,0.0,0.0,0.5,111.0,111.0,0.5,0.0,0.0,0.009009009,2.0,0.0,0.0,0
387.0,127.0,5.0,10.0,25.0,8.0,True,363.0,0.0,2.0,1.0,0.4573002755,166.0,185.0,0.5096418733,0.0,2.0,0.0055096419,2.0,1.0,0.0,0
357.0,108.0,4.0,6.0,23.0,9.0,True,386.0,0.0,3.0,2.0,0.4222797927,163.0,215.0,0.5569948187,0.0,0.0,0.0051813472,2.0,2.0,0.0,1
204.0,26.0,21.0,25.0,12.0,4.0,True,2090.0,0.0,0.0,0.0,0.6688995215,1398.0,677.0,0.323923445,0.0,0.0,0.009569378,20.0,0.0,0.0,0
370.0,66.0,4.0,7.0,8.0,9.0,True,1131.0,0.0,3.0,0.0,0.3510167993,397.0,663.0,0.5862068966,0.0,3.0,0.0008841733,1.0,0.0,0.0,0
245.0,49.0,4.0,6.0,15.0,8.0,True,278.0,0.0,0.0,0.0,0.4820143885,134.0,141.0,0.5071942446,0.0,0.0,0.0071942446,2.0,0.0,0.0,0
308.0,56.0,3.0,3.0,9.0,4.0,True,480.0,3.0,2.0,0.0,0.49375,237.0,239.0,0.4979166667,0.0,1.0,0.0125,6.0,1.0,0.0,0
313.0,100.0,6.0,6.0,18.0,7.0,True,774.0,0.0,2.0,0.0,0.3888888889,301.0,461.0,0.5956072351,0.0,0.0,0.023255814,18.0,2.0,0.0,1
292.0,36.0,2.0,2.0,4.0,6.0,True,69.0,0.0,1.0,0.0,0.5507246377,38.0,25.0,0.3623188406,0.0,1.0,0.0,0.0,0.0,0.0,0
372.0,68.0,3.0,5.0,23.0,4.0,True,472.0,0.0,0.0,0.0,0.5572033898,263.0,205.0,0.4343220339,0.0,0.0,0.0275423729,13.0,0.0,0.0,1
306.0,75.0,11.0,13.0,16.0,6.0,True,418.0,0.0,1.0,0.0,0.504784689,211.0,202.0,0.4832535885,0.0,1.0,0.0023923445,1.0,0.0,0.0,0
281.0,70.0,6.0,7.0,5.0,8.0,True,980.0,0.0,4.0,0.0,0.5173469388,507.0,460.0,0.4693877551,0.0,0.0,0.0183673469,18.0,4.0,0.0,1
229.0,40.0,3.0,6.0,7.0,6.0,False,204.0,0.0,1.0,0.0,0.4411764706,90.0,100.0,0.4901960784,0.0,0.0,0.0049019608,1.0,1.0,0.0,0
307.0,24.0,3.0,3.0,9.0,5.0,True,375.0,0.0,10.0,4.0,0.5946666667,223.0,143.0,0.3813333333,0.0,4.0,0.0026666667,1.0,4.0,0.0,0
313.0,54.0,4.0,4.0,14.0,9.0,True,461.0,0.0,2.0,2.0,0.4859002169,224.0,222.0,0.4815618221,0.0,0.0,0.0151843818,7.0,2.0,0.0,0
477.0,162.0,3.0,4.0,43.0,8.0,True,216.0,0.0,2.0,0.0,0.4444444444,96.0,83.0,0.3842592593,0.0,0.0,0.0277777778,6.0,2.0,0.0,0
267.0,52.0,3.0,3.0,5.0,5.0,True,135.0,0.0,1.0,0.0,0.6814814815,92.0,38.0,0.2814814815,0.0,0.0,0.0148148148,2.0,1.0,0.0,1
224.0,16.0,5.0,9.0,4.0,4.0,True,375.0,0.0,3.0,0.0,0.3546666667,133.0,207.0,0.552,0.0,2.0,0.0053333333,2.0,0.0,1.0,0
280.0,39.0,3.0,3.0,9.0,7.0,True,94.0,0.0,1.0,0.0,0.4361702128,41.0,28.0,0.2978723404,0.0,0.0,0.0212765957,2.0,1.0,0.0,0
292.0,61.0,5.0,6.0,6.0,7.0,True,165.0,0.0,3.0,0.0,0.4303030303,71.0,92.0,0.5575757576,0.0,2.0,0.0242424242,4.0,1.0,0.0,0
289.0,29.0,7.0,7.0,10.0,8.0,True,141.0,0.0,2.0,1.0,0.5390070922,76.0,65.0,0.4609929078,0.0,1.0,0.0141843972,2.0,1.0,0.0,0
434.0,92.0,5.0,6.0,9.0,7.0,True,518.0,0.0,4.0,0.0,0.3359073359,174.0,299.0,0.5772200772,1.0,2.0,0.0,0.0,1.0,0.0,0
276.0,44.0,3.0,5.0,8.0,7.0,True,280.0,0.0,1.0,0.0,0.5357142857,150.0,128.0,0.4571428571,0.0,0.0,0.0357142857,10.0,1.0,0.0,0
270.0,48.0,5.0,5.0,4.0,7.0,True,574.0,0.0,3.0,1.0,0.5487804878,315.0,255.0,0.4442508711,0.0,2.0,0.0261324042,15.0,0.0,0.0,0
361.0,52.0,1.0,1.0,8.0,6.0,True,147.0,0.0,1.0,0.0,0.4897959184,72.0,58.0,0.3945578231,0.0,0.0,0.0068027211,1.0,0.0,1.0,0
365.0,134.0,5.0,10.0,25.0,6.0,True,142.0,0.0,1.0,0.0,0.4929577465,70.0,67.0,0.4718309859,0.0,1.0,0.014084507,2.0,0.0,0.0,0
279.0,25.0,3.0,4.0,7.0,8.0,True,519.0,0.0,0.0,0.0,0.5125240848,266.0,227.0,0.4373795761,0.0,0.0,0.0366088632,19.0,0.0,0.0,0
353.0,57.0,4.0,8.0,9.0,8.0,True,431.0,0.0,7.0,0.0,0.3503480278,151.0,243.0,0.5638051044,2.0,1.0,0.0116009281,5.0,2.0,2.0,0
293.0,77.0,3.0,5.0,10.0,6.0,True,215.0,0.0,2.0,0.0,0.4744186047,102.0,108.0,0.5023255814,0.0,0.0,0.0139534884,3.0,1.0,1.0,1
290.0,47.0,4.0,4.0,4.0,7.0,True,298.0,0.0,5.0,1.0,0.4865771812,145.0,148.0,0.4966442953,0.0,2.0,0.0033557047,1.0,2.0,0.0,0
,,,,,,,329.0,0.0,0.0,0.0,0.4984802432,164.0,161.0,0.4893617021,0.0,0.0,0.0060790274,2.0,0.0,0.0,0
285.0,42.0,3.0,5.0,6.0,7.0,True,923.0,0.0,1.0,0.0,0.3716143012,343.0,529.0,0.5731310943,0.0,1.0,0.0119176598,11.0,0.0,0.0,0
231.0,17.0,3.0,4.0,2.0,2.0,True,309.0,0.0,0.0,0.0,0.3203883495,99.0,195.0,0.6310679612,0.0,0.0,0.0129449838,4.0,0.0,0.0,0
283.0,74.0,4.0,4.0,7.0,6.0,True,481.0,0.0,0.0,0.0,0.4116424116,198.0,236.0,0.4906444906,0.0,0.0,0.0083160083,4.0,0.0,0.0,1
223.0,75.0,0.0,0.0,13.0,8.0,True,659.0,0.0,2.0,0.0,0.4810318665,317.0,321.0,0.4871016692,0.0,1.0,0.0182094082,12.0,1.0,0.0,0
346.0,70.0,9.0,9.0,5.0,8.0,True,161.0,0.0,1.0,0.0,0.6335403727,102.0,41.0,0.2546583851,0.0,1.0,0.0,0.0,0.0,0.0,1
235.0,53.0,0.0,7.0,4.0,8.0,True,249.0,0.0,1.0,0.0,0.5261044177,131.0,115.0,0.4618473896,0.0,1.0,0.0080321285,2.0,0.0,0.0,0
284.0,68.0,1.0,3.0,4.0,6.0,True,9.0,0.0,0.0,0.0,0.3333333333,3.0,6.0,0.6666666667,0.0,0.0,0.0,0.0,0.0,0.0,0
227.0,38.0,1.0,5.0,13.0,2.0,True,277.0,0.0,1.0,0.0,0.440433213,122.0,135.0,0.4873646209,0.0,0.0,0.0036101083,1.0,1.0,0.0,0
150.0,19.0,4.0,5.0,4.0,5.0,True,717.0,0.0,3.0,0.0,0.5062761506,363.0,328.0,0.4574616457,0.0,1.0,0.0418410042,30.0,2.0,0.0,0
291.0,42.0,2.0,3.0,4.0,8.0,True,922.0,0.0,1.0,0.0,0.5195227766,479.0,424.0,0.4598698482,0.0,1.0,0.0032537961,3.0,0.0,0.0,0
375.0,100.0,1.0,4.0,24.0,7.0,True,786.0,0.0,4.0,0.0,0.2938931298,231.0,521.0,0.6628498728,1.0,0.0,0.0178117048,14.0,3.0,0.0,0
375.0,78.0,6.0,14.0,27.0,8.0,True,357.0,0.0,3.0,0.0,0.3641456583,130.0,213.0,0.5966386555,0.0,2.0,0.0084033613,3.0,1.0,0.0,0
247.0,18.0,3.0,3.0,4.0,4.0,True,155.0,0.0,4.0,1.0,0.5096774194,79.0,75.0,0.4838709677,0.0,2.0,0.0774193548,12.0,1.0,0.0,0
373.0,127.0,2.0,5.0,30.0,9.0,True,1278.0,0.0,3.0,0.0,0.5563380282,711.0,541.0,0.4233176839,0.0,0.0,0.0046948357,6.0,3.0,0.0,0
306.0,65.0,1.0,4.0,10.0,7.0,True,399.0,0.0,1.0,0.0,0.3082706767,123.0,203.0,0.5087719298,0.0,0.0,0.0100250627,4.0,1.0,0.0,1
361.0,74.0,3.0,4.0,14.0,9.0,True,161.0,0.0,0.0,0.0,0.4161490683,67.0,80.0,0.4968944099,0.0,0.0,0.0186335404,3.0,0.0,0.0,0
289.0,59.0,3.0,4.0,4.0,4.0,True,672.0,0.0,1.0,0.0,0.3095238095,208.0,401.0,0.5967261905,0.0,0.0,0.0,0.0,1.0,0.0,0
259.0,36.0,2.0,4.0,7.0,6.0,True,499.0,0.0,3.0,0.0,0.4348697395,217.0,269.0,0.5390781563,0.0,2.0,0.002004008,1.0,1.0,0.0,0
198.0,37.0,0.0,2.0,11.0,7.0,True,256.0,0.0,0.0,0.0,0.30078125,77.0,173.0,0.67578125,0.0,0.0,0.0,0.0,0.0,0.0,0
238.0,21.0,0.0,1.0,6.0,3.0,True,766.0,0.0,1.0,0.0,0.3511749347,269.0,493.0,0.6436031332,0.0,0.0,0.0026109661,2.0,0.0,1.0,0
288.0,58.0,5.0,6.0,6.0,6.0,True,411.0,0.0,4.0,1.0,0.4598540146,189.0,214.0,0.5206812652,0.0,3.0,0.0462287105,19.0,1.0,0.0,0
352.0,72.0,6.0,6.0,13.0,8.0,True,423.0,0.0,1.0,0.0,0.451536643,191.0,206.0,0.4869976359,0.0,1.0,0.0283687943,12.0,0.0,0.0,0
293.0,51.0,0.0,5.0,8.0,9.0,True,261.0,0.0,0.0,0.0,0.4252873563,111.0,146.0,0.5593869732,0.0,0.0,0.0191570881,5.0,0.0,0.0,0
380.0,50.0,4.0,6.0,7.0,6.0,True,209.0,0.0,0.0,0.0,0.4736842105,99.0,103.0,0.4928229665,0.0,0.0,0.023923445,5.0,0.0,0.0,0
297.0,72.0,3.0,4.0,6.0,9.0,True,224.0,0.0,0.0,0.0,0.3571428571,80.0,125.0,0.5580357143,0.0,0.0,0.0267857143,6.0,0.0,0.0,1
285.0,44.0,3.0,4.0,1.0,7.0,True,348.0,0.0,2.0,1.0,0.3534482759,123.0,200.0,0.5747126437,0.0,1.0,0.0114942529,4.0,1.0,0.0,0
284.0,49.0,1.0,2.0,8.0,9.0,True,212.0,0.0,0.0,0.0,0.5,106.0,91.0,0.429245283,0.0,0.0,0.0283018868,6.0,0.0,0.0,0
419.0,138.0,1.0,3.0,10.0,9.0,True,596.0,0.0,0.0,0.0,0.3473154362,207.0,370.0,0.6208053691,0.0,0.0,0.0033557047,2.0,0.0,0.0,0
326.0,69.0,5.0,9.0,13.0,8.0,True,662.0,0.0,1.0,1.0,0.3685800604,244.0,388.0,0.586102719,0.0,0.0,0.003021148,2.0,0.0,0.0,1
261.0,38.0,1.0,2.0,11.0,7.0,True,313.0,0.0,1.0,0.0,0.4408945687,138.0,173.0,0.552715655,0.0,0.0,0.0031948882,1.0,1.0,0.0,0
296.0,80.0,1.0,2.0,8.0,9.0,True,988.0,0.0,6.0,0.0,0.3421052632,338.0,574.0,0.5809716599,0.0,1.0,0.0030364372,3.0,3.0,2.0,0
,,,,,,,483.0,0.0,4.0,3.0,0.4202898551,203.0,258.0,0.5341614907,0.0,2.0,0.0041407867,2.0,2.0,0.0,0
271.0,28.0,2.0,2.0,4.0,2.0,True,753.0,0.0,4.0,1.0,0.3386454183,255.0,460.0,0.6108897742,0.0,2.0,0.0039840637,3.0,1.0,1.0,0
295.0,39.0,0.0,2.0,6.0,6.0,True,587.0,0.0,1.0,0.0,0.3049403748,179.0,397.0,0.6763202726,0.0,0.0,0.0,0.0,1.0,0.0,0
301.0,20.0,4.0,5.0,6.0,7.0,True,420.0,0.0,3.0,0.0,0.3738095238,157.0,248.0,0.5904761905,0.0,1.0,0.019047619,8.0,2.0,0.0,0
241.0,72.0,7.0,22.0,22.0,4.0,True,198.0,0.0,1.0,0.0,0.5505050505,109.0,50.0,0.2525252525,0.0,1.0,0.0101010101,2.0,0.0,0.0,0
,,,,,,,396.0,0.0,2.0,0.0,0.4267676768,169.0,217.0,0.547979798,0.0,2.0,0.0101010101,4.0,0.0,0.0,0
296.0,50.0,2.0,4.0,5.0,8.0,True,484.0,0.0,3.0,1.0,0.458677686,222.0,252.0,0.520661157,0.0,1.0,0.0082644628,4.0,1.0,0.0,0
265.0,35.0,5.0,5.0,4.0,6.0,True,211.0,0.0,1.0,0.0,0.3981042654,84.0,101.0,0.4786729858,0.0,1.0,0.0047393365,1.0,0.0,0.0,0
316.0,57.0,2.0,3.0,2.0,7.0,True,288.0,0.0,1.0,0.0,0.5625,162.0,125.0,0.4340277778,0.0,1.0,0.0104166667,3.0,0.0,0.0,0
363.0,147.0,8.0,16.0,64.0,7.0,True,334.0,0.0,7.0,0.0,0.4191616766,140.0,185.0,0.5538922156,1.0,2.0,0.0089820359,3.0,4.0,0.0,0
517.0,175.0,0.0,0.0,14.0,8.0,True,1438.0,0.0,4.0,0.0,0.4721835883,679.0,743.0,0.516689847,0.0,4.0,0.0125173853,18.0,0.0,0.0,0
305.0,56.0,4.0,5.0,10.0,9.0,True,681.0,0.0,3.0,0.0,0.3480176211,237.0,348.0,0.5110132159,1.0,1.0,0.0029368576,2.0,1.0,0.0,0
247.0,77.0,4.0,5.0,7.0,9.0,True,904.0,0.0,3.0,0.0,0.4413716814,399.0,450.0,0.4977876106,0.0,2.0,0.0022123894,2.0,1.0,0.0,0
360.0,44.0,5.0,7.0,4.0,6.0,True,356.0,0.0,3.0,1.0,0.4269662921,152.0,178.0,0.5,0.0,0.0,0.0,0.0,2.0,0.0,0
320.0,77.0,0.0,0.0,10.0,7.0,True,446.0,0.0,1.0,0.0,0.4596412556,205.0,236.0,0.5291479821,1.0,0.0,0.0,0.0,0.0,0.0,0
338.0,90.0,4.0,5.0,8.0,8.0,True,541.0,0.0,0.0,0.0,0.4288354898,232.0,285.0,0.5268022181,0.0,0.0,0.0092421442,5.0,0.0,0.0,0
352.0,40.0,3.0,16.0,5.0,5.0,True,394.0,0.0,1.0,0.0,0.4441624365,175.0,151.0,0.383248731,0.0,1.0,0.0152284264,6.0,0.0,0.0,0
287.0,57.0,4.0,4.0,9.0,5.0,True,1161.0,0.0,2.0,0.0,0.3031869078,352.0,769.0,0.6623600345,0.0,2.0,0.0172265289,20.0,0.0,0.0,0
146.0,15.0,1.0,2.0,1.0,5.0,True,30.0,0.0,0.0,0.0,0.5666666667,17.0,7.0,0.2333333333,0.0,0.0,0.0,0.0,0.0,0.0,0
361.0,64.0,3.0,3.0,9.0,8.0,True,290.0,0.0,2.0,1.0,0.4620689655,134.0,118.0,0.4068965517,0.0,1.0,0.0068965517,2.0,0.0,0.0,1
306.0,63.0,3.0,5.0,7.0,6.0,True,513.0,0.0,0.0,0.0,0.4931773879,253.0,212.0,0.4132553606,0.0,0.0,0.0136452242,7.0,0.0,0.0,0
385.0,139.0,2.0,5.0,41.0,4.0,True,947.0,0.0,0.0,0.0,0.4435058078,420.0,510.0,0.5385427666,0.0,0.0,0.0232312566,22.0,0.0,0.0,0
275.0,69.0,4.0,6.0,11.0,7.0,True,390.0,0.0,5.0,0.0,0.2179487179,85.0,261.0,0.6692307692,0.0,4.0,0.0051282051,2.0,1.0,0.0,1
284.0,58.0,6.0,6.0,8.0,8.0,True,106.0,0.0,4.0,1.0,0.5660377358,60.0,45.0,0.4245283019,0.0,1.0,0.0188679245,2.0,2.0,1.0,0
143.0,25.0,8.0,9.0,9.0,3.0,True,321.0,0.0,2.0,0.0,0.5046728972,162.0,99.0,0.308411215,0.0,2.0,0.0280373832,9.0,0.0,0.0,0
326.0,25.0,5.0,6.0,7.0,4.0,True,563.0,0.0,2.0,0.0,0.4280639432,241.0,301.0,0.5346358792,0.0,2.0,0.0248667851,14.0,0.0,0.0,0
300.0,54.0,1.0,4.0,12.0,7.0,True,180.0,0.0,0.0,0.0,0.3555555556,64.0,55.0,0.3055555556,0.0,0.0,0.0333333333,6.0,0.0,0.0,0
299.0,56.0,0.0,3.0,8.0,9.0,True,351.0,0.0,2.0,0.0,0.3418803419,120.0,166.0,0.4729344729,0.0,2.0,0.0085470085,3.0,0.0,0.0,0
288.0,42.0,4.0,5.0,6.0,6.0,True,171.0,0.0,0.0,0.0,0.4970760234,85.0,61.0,0.3567251462,0.0,0.0,0.0,0.0,0.0,0.0,1
427.0,159.0,4.0,6.0,18.0,9.0,True,2207.0,0.0,5.0,0.0,0.3697326688,816.0,1321.0,0.598550068,0.0,1.0,0.0167648391,37.0,2.0,2.0,0
231.0,14.0,3.0,5.0,3.0,2.0,True,285.0,0.0,2.0,1.0,0.4350877193,124.0,116.0,0.4070175439,0.0,1.0,0.0035087719,1.0,0.0,0.0,0
345.0,102.0,3.0,3.0,24.0,8.0,True,358.0,0.0,2.0,0.0,0.5474860335,196.0,142.0,0.3966480447,0.0,2.0,0.0474860335,17.0,0.0,0.0,0
269.0,69.0,2.0,3.0,17.0,7.0,True,524.0,0.0,0.0,0.0,0.3167938931,166.0,348.0,0.6641221374,0.0,0.0,0.0,0.0,0.0,0.0,0
298.0,38.0,1.0,2.0,9.0,8.0,True,32.0,0.0,0.0,0.0,0.21875,7.0,15.0,0.46875,0.0,0.0,0.0,0.0,0.0,0.0,0
306.0,60.0,0.0,2.0,11.0,9.0,True,493.0,0.0,1.0,0.0,0.2839756592,140.0,235.0,0.476673428,0.0,1.0,0.0101419878,5.0,0.0,0.0,0
372.0,57.0,3.0,7.0,11.0,9.0,True,403.0,0.0,0.0,0.0,0.3846153846,155.0,242.0,0.6004962779,0.0,0.0,0.0198511166,8.0,0.0,0.0,0
296.0,71.0,1.0,1.0,10.0,8.0,True,219.0,0.0,2.0,0.0,0.4794520548,105.0,113.0,0.5159817352,0.0,1.0,0.0136986301,3.0,1.0,0.0,0
299.0,43.0,1.0,2.0,5.0,8.0,True,99.0,0.0,0.0,0.0,0.4343434343,43.0,55.0,0.5555555556,0.0,0.0,0.0505050505,5.0,0.0,0.0,0
309.0,25.0,2.0,4.0,3.0,8.0,True,370.0,0.0,4.0,1.0,0.4756756757,176.0,185.0,0.5,0.0,0.0,0.0027027027,1.0,4.0,0.0,0
292.0,55.0,2.0,6.0,11.0,9.0,True,515.0,0.0,0.0,0.0,0.6388349515,329.0,167.0,0.3242718447,0.0,0.0,0.0097087379,5.0,0.0,0.0,0
318.0,69.0,1.0,2.0,8.0,8.0,True,225.0,0.0,1.0,1.0,0.3111111111,70.0,87.0,0.3866666667,0.0,0.0,0.0088888889,2.0,0.0,0.0,0
346.0,32.0,32.0,32.0,1.0,6.0,True,69.0,0.0,1.0,0.0,0.2753623188,19.0,45.0,0.652173913,0.0,0.0,0.0,0.0,1.0,0.0,0
395.0,119.0,3.0,6.0,9.0,8.0,True,654.0,0.0,1.0,0.0,0.3012232416,197.0,433.0,0.6620795107,0.0,0.0,0.001529052,1.0,0.0,1.0,1
280.0,71.0,16.0,24.0,18.0,7.0,True,670.0,0.0,2.0,0.0,0.4268656716,286.0,340.0,0.5074626866,0.0,1.0,0.0029850746,2.0,1.0,0.0,0
306.0,48.0,1.0,2.0,4.0,6.0,True,,,,,,,,,,,,,,,0
,,,,,,,945.0,0.0,4.0,0.0,0.3682539683,348.0,559.0,0.5915343915,0.0,1.0,0.0105820106,10.0,2.0,1.0,0
313.0,84.0,3.0,4.0,10.0,7.0,True,782.0,0.0,1.0,0.0,0.442455243,346.0,385.0,0.4923273657,1.0,0.0,0.0051150895,4.0,0.0,0.0,1
280.0,67.0,3.0,4.0,13.0,7.0,True,156.0,0.0,1.0,0.0,0.5064102564,79.0,71.0,0.4551282051,0.0,0.0,0.0192307692,3.0,1.0,0.0,0
258.0,32.0,2.0,10.0,11.0,5.0,True,400.0,0.0,2.0,0.0,0.2525,101.0,278.0,0.695,0.0,0.0,0.0,0.0,2.0,0.0,0
295.0,59.0,3.0,3.0,9.0,7.0,True,247.0,0.0,0.0,0.0,0.4412955466,109.0,108.0,0.4372469636,0.0,0.0,0.008097166,2.0,0.0,0.0,0
294.0,53.0,3.0,7.0,9.0,8.0,True,350.0,0.0,2.0,0.0,0.4371428571,153.0,192.0,0.5485714286,0.0,0.0,0.0114285714,4.0,2.0,0.0,0
299.0,53.0,5.0,12.0,8.0,5.0,True,1245.0,0.0,0.0,0.0,0.5445783133,678.0,555.0,0.4457831325,0.0,0.0,0.0024096386,3.0,0.0,0.0,0
300.0,54.0,4.0,5.0,8.0,8.0,True,109.0,0.0,4.0,0.0,0.5412844037,59.0,50.0,0.4587155963,0.0,4.0,0.0,0.0,0.0,0.0,0
415.0,99.0,0.0,3.0,4.0,8.0,True,393.0,0.0,4.0,0.0,0.3715012723,146.0,178.0,0.4529262087,1.0,2.0,0.010178117,4.0,1.0,0.0,0
,,,,,,,717.0,0.0,2.0,0.0,0.3974895397,285.0,426.0,0.5941422594,0.0,0.0,0.0013947001,1.0,2.0,0.0,0
259.0,30.0,5.0,8.0,6.0,4.0,True,268.0,0.0,0.0,0.0,0.4701492537,126.0,142.0,0.5298507463,0.0,0.0,0.0111940299,3.0,0.0,0.0,0
375.0,79.0,0.0,0.0,11.0,9.0,True,478.0,0.0,5.0,0.0,0.4748953975,227.0,227.0,0.4748953975,0.0,2.0,0.0020920502,1.0,3.0,0.0,0
401.0,86.0,4.0,4.0,15.0,9.0,True,1356.0,0.0,8.0,1.0,0.2042772861,277.0,1034.0,0.7625368732,0.0,3.0,0.0132743363,18.0,5.0,0.0,0
290.0,47.0,3.0,6.0,12.0,7.0,True,18.0,0.0,1.0,0.0,0.5555555556,10.0,8.0,0.4444444444,0.0,1.0,0.0,0.0,0.0,0.0,0
260.0,35.0,3.0,3.0,4.0,5.0,True,306.0,0.0,3.0,0.0,0.6111111111,187.0,119.0,0.3888888889,0.0,1.0,0.0130718954,4.0,2.0,0.0,0
279.0,50.0,2.0,2.0,4.0,5.0,True,613.0,1.0,1.0,1.0,0.3849918434,236.0,364.0,0.5938009788,0.0,0.0,0.0032626427,2.0,0.0,0.0,0
314.0,25.0,5.0,13.0,6.0,6.0,True,512.0,0.0,2.0,0.0,0.6328125,324.0,147.0,0.287109375,0.0,1.0,0.00390625,2.0,1.0,0.0,0
,,,,,,,1429.0,0.0,4.0,0.0,0.4807557733,687.0,630.0,0.4408677397,0.0,1.0,0.0027991603,4.0,3.0,0.0,0
277.0,48.0,2.0,2.0,8.0,4.0,True,216.0,0.0,2.0,1.0,0.4027777778,87.0,121.0,0.5601851852,0.0,0.0,0.0046296296,1.0,2.0,0.0,0
410.0,106.0,3.0,3.0,7.0,8.0,True,289.0,0.0,0.0,0.0,0.3702422145,107.0,179.0,0.6193771626,0.0,0.0,0.0138408304,4.0,0.0,0.0,0
276.0,83.0,7.0,12.0,9.0,6.0,True,149.0,0.0,4.0,0.0,0.4496644295,67.0,81.0,0.5436241611,0.0,1.0,0.0268456376,4.0,3.0,0.0,0
337.0,143.0,3.0,10.0,27.0,8.0,True,563.0,0.0,2.0,1.0,0.4245115453,239.0,290.0,0.5150976909,0.0,0.0,0.0124333925,7.0,2.0,0.0,0
358.0,63.0,7.0,9.0,12.0,4.0,True,918.0,0.0,0.0,0.0,0.3474945534,319.0,562.0,0.6122004357,0.0,0.0,0.0359477124,33.0,0.0,0.0,0
252.0,52.0,3.0,5.0,14.0,6.0,True,487.0,0.0,1.0,0.0,0.3921971253,191.0,255.0,0.523613963,0.0,1.0,0.0308008214,15.0,0.0,0.0,0
302.0,65.0,4.0,6.0,7.0,8.0,True,326.0,0.0,2.0,0.0,0.527607362,172.0,120.0,0.3680981595,0.0,1.0,0.027607362,9.0,1.0,0.0,0
325.0,82.0,3.0,4.0,4.0,9.0,True,342.0,0.0,2.0,0.0,0.4239766082,145.0,193.0,0.5643274854,0.0,2.0,0.0116959064,4.0,0.0,0.0,0
361.0,53.0,1.0,5.0,13.0,7.0,True,71.0,0.0,0.0,0.0,0.5915492958,42.0,20.0,0.2816901408,0.0,0.0,0.0422535211,3.0,0.0,0.0,0
277.0,68.0,1.0,6.0,10.0,5.0,True,148.0,0.0,1.0,0.0,0.3716216216,55.0,85.0,0.5743243243,0.0,1.0,0.027027027,4.0,0.0,0.0,0
299.0,73.0,1.0,1.0,17.0,8.0,True,1538.0,0.0,3.0,0.0,0.4037711313,621.0,877.0,0.5702210663,0.0,1.0,0.0019505852,3.0,2.0,0.0,0
305.0,70.0,7.0,12.0,12.0,9.0,True,437.0,0.0,2.0,0.0,0.5217391304,228.0,193.0,0.4416475973,0.0,1.0,0.0022883295,1.0,1.0,0.0,0
,,,,,,,148.0,0.0,1.0,0.0,0.5067567568,75.0,71.0,0.4797297297,0.0,0.0,0.0135135135,2.0,0.0,1.0,0
298.0,82.0,4.0,8.0,7.0,6.0,True,244.0,0.0,0.0,0.0,0.3729508197,91.0,81.0,0.3319672131,0.0,0.0,0.0,0.0,0.0,0.0,0
340.0,36.0,2.0,3.0,8.0,7.0,True,1010.0,0.0,3.0,0.0,0.3485148515,352.0,622.0,0.6158415842,0.0,2.0,0.0118811881,12.0,1.0,0.0,0
417.0,75.0,3.0,6.0,15.0,9.0,True,176.0,0.0,1.0,0.0,0.3352272727,59.0,113.0,0.6420454545,1.0,0.0,0.0227272727,4.0,0.0,0.0,0
289.0,30.0,2.0,2.0,2.0,6.0,True,359.0,0.0,2.0,1.0,0.4512534819,162.0,174.0,0.4846796657,1.0,0.0,0.0,0.0,0.0,0.0,0
,,,,,,,1112.0,0.0,2.0,0.0,0.4541366906,505.0,521.0,0.4685251799,0.0,1.0,0.0080935252,9.0,1.0,0.0,0
306.0,46.0,3.0,3.0,12.0,8.0,True,182.0,0.0,0.0,0.0,0.3516483516,64.0,112.0,0.6153846154,0.0,0.0,0.0054945055,1.0,0.0,0.0,0
338.0,78.0,5.0,6.0,14.0,9.0,True,1153.0,0.0,0.0,0.0,0.3764093669,434.0,710.0,0.6157849089,0.0,0.0,0.0069384215,8.0,0.0,0.0,0
337.0,62.0,4.0,4.0,3.0,8.0,True,1852.0,0.0,1.0,0.0,0.3261339093,604.0,1164.0,0.6285097192,0.0,0.0,0.0016198704,3.0,1.0,0.0,0
308.0,67.0,5.0,7.0,23.0,7.0,True,505.0,0.0,3.0,0.0,0.5267326733,266.0,226.0,0.4475247525,0.0,2.0,0.0396039604,20.0,0.0,1.0,0
252.0,89.0,6.0,8.0,9.0,8.0,True,986.0,0.0,2.0,0.0,0.3955375254,390.0,402.0,0.4077079108,0.0,0.0,0.0121703854,12.0,2.0,0.0,0
318.0,39.0,1.0,3.0,2.0,5.0,True,223.0,0.0,2.0,0.0,0.4529147982,101.0,113.0,0.5067264574,0.0,0.0,0.0044843049,1.0,2.0,0.0,0
274.0,42.0,5.0,8.0,16.0,6.0,True,55.0,0.0,0.0,0.0,0.5636363636,31.0,22.0,0.4,0.0,0.0,0.0181818182,1.0,0.0,0.0,0
389.0,74.0,3.0,7.0,5.0,8.0,True,1031.0,0.0,3.0,0.0,0.5451018429,562.0,443.0,0.4296799224,1.0,0.0,0.0019398642,2.0,2.0,0.0,0
294.0,39.0,4.0,4.0,5.0,8.0,True,356.0,0.0,2.0,0.0,0.3595505618,128.0,224.0,0.6292134831,0.0,1.0,0.0084269663,3.0,0.0,1.0,0
387.0,78.0,3.0,5.0,5.0,7.0,True,631.0,0.0,1.0,0.0,0.4516640254,285.0,302.0,0.4786053883,1.0,0.0,0.0031695721,2.0,0.0,0.0,0
262.0,45.0,4.0,4.0,7.0,7.0,True,482.0,0.0,1.0,0.0,0.2323651452,112.0,338.0,0.7012448133,0.0,1.0,0.010373444,5.0,0.0,0.0,0
276.0,60.0,1.0,1.0,2.0,7.0,True,79.0,0.0,1.0,0.0,0.4810126582,38.0,40.0,0.5063291139,0.0,0.0,0.0126582278,1.0,1.0,0.0,0
225.0,14.0,3.0,5.0,6.0,4.0,True,419.0,0.0,1.0,0.0,0.4200477327,176.0,222.0,0.5298329356,0.0,0.0,0.0095465394,4.0,1.0,0.0,0
336.0,74.0,13.0,15.0,11.0,6.0,False,166.0,0.0,0.0,0.0,0.4397590361,73.0,90.0,0.5421686747,0.0,0.0,0.0,0.0,0.0,0.0,0
286.0,29.0,3.0,4.0,4.0,7.0,True,98.0,0.0,3.0,0.0,0.4693877551,46.0,50.0,0.5102040816,0.0,1.0,0.0204081633,2.0,2.0,0.0,0
413.0,97.0,4.0,6.0,11.0,8.0,True,409.0,0.0,0.0,0.0,0.2738386308,112.0,280.0,0.684596577,0.0,0.0,0.0097799511,4.0,0.0,0.0,0
294.0,38.0,1.0,6.0,8.0,7.0,True,228.0,0.0,2.0,1.0,0.4605263158,105.0,120.0,0.5263157895,0.0,1.0,0.0175438596,4.0,0.0,0.0,0
300.0,34.0,2.0,3.0,2.0,6.0,True,413.0,0.0,1.0,0.0,0.4552058111,188.0,205.0,0.4963680387,0.0,1.0,0.0024213075,1.0,0.0,0.0,0
319.0,32.0,5.0,7.0,7.0,5.0,True,618.0,0.0,2.0,0.0,0.4902912621,303.0,307.0,0.496763754,0.0,2.0,0.0113268608,7.0,0.0,0.0,0
246.0,19.0,2.0,2.0,6.0,4.0,True,180.0,0.0,0.0,0.0,0.65,117.0,62.0,0.3444444444,0.0,0.0,0.0111111111,2.0,0.0,0.0,0
370.0,74.0,0.0,3.0,21.0,7.0,True,325.0,0.0,0.0,0.0,0.3661538462,119.0,195.0,0.6,0.0,0.0,0.0092307692,3.0,0.0,0.0,0
241.0,59.0,0.0,3.0,15.0,9.0,True,145.0,0.0,0.0,0.0,0.4551724138,66.0,77.0,0.5310344828,0.0,0.0,0.0206896552,3.0,0.0,0.0,0
351.0,63.0,1.0,1.0,14.0,6.0,True,286.0,0.0,1.0,0.0,0.3706293706,106.0,142.0,0.4965034965,0.0,1.0,0.006993007,2.0,0.0,0.0,0
337.0,78.0,5.0,5.0,4.0,8.0,True,891.0,0.0,5.0,0.0,0.3849607183,343.0,536.0,0.6015712682,0.0,2.0,0.0056116723,5.0,3.0,0.0,0
269.0,44.0,2.0,7.0,5.0,7.0,True,386.0,0.0,3.0,3.0,0.4455958549,172.0,212.0,0.5492227979,0.0,1.0,0.0,0.0,2.0,0.0,0
304.0,67.0,2.0,3.0,8.0,9.0,True,433.0,0.0,5.0,0.0,0.3210161663,139.0,286.0,0.6605080831,0.0,3.0,0.0,0.0,0.0,2.0,0
320.0,74.0,2.0,4.0,11.0,9.0,True,835.0,0.0,3.0,0.0,0.4011976048,335.0,438.0,0.5245508982,0.0,3.0,0.0107784431,9.0,0.0,0.0,0
296.0,67.0,2.0,4.0,3.0,5.0,True,1169.0,0.0,2.0,0.0,0.623609923,729.0,369.0,0.3156544055,1.0,1.0,0.005132592,6.0,0.0,0.0,0
305.0,23.0,3.0,3.0,7.0,7.0,True,414.0,0.0,0.0,0.0,0.5748792271,238.0,175.0,0.422705314,0.0,0.0,0.0,0.0,0.0,0.0,0
290.0,61.0,0.0,5.0,6.0,9.0,True,881.0,0.0,2.0,0.0,0.401816118,354.0,493.0,0.5595913734,0.0,1.0,0.0011350738,1.0,1.0,0.0,0
314.0,30.0,0.0,0.0,6.0,3.0,True,687.0,0.0,3.0,2.0,0.3857350801,265.0,405.0,0.5895196507,0.0,1.0,0.0160116448,11.0,1.0,0.0,0
402.0,134.0,1.0,3.0,9.0,8.0,True,1094.0,0.0,3.0,0.0,0.2705667276,296.0,689.0,0.6297989031,0.0,2.0,0.0063985375,7.0,1.0,0.0,0
276.0,50.0,2.0,4.0,6.0,8.0,True,95.0,0.0,2.0,1.0,0.3157894737,30.0,60.0,0.6315789474,0.0,0.0,0.0315789474,3.0,2.0,0.0,0
284.0,41.0,3.0,5.0,2.0,7.0,True,320.0,0.0,0.0,0.0,0.521875,167.0,149.0,0.465625,0.0,0.0,0.05,16.0,0.0,0.0,0
227.0,32.0,4.0,6.0,8.0,5.0,True,315.0,0.0,2.0,0.0,0.3587301587,113.0,169.0,0.5365079365,0.0,1.0,0.0063492063,2.0,1.0,0.0,0
283.0,70.0,2.0,4.0,7.0,7.0,True,440.0,0.0,0.0,0.0,0.5431818182,239.0,196.0,0.4454545455,0.0,0.0,0.0,0.0,0.0,0.0,0
271.0,34.0,4.0,7.0,6.0,6.0,True,448.0,0.0,4.0,0.0,0.4084821429,183.0,263.0,0.5870535714,0.0,2.0,0.0,0.0,2.0,0.0,0
260.0,51.0,2.0,5.0,7.0,5.0,True,398.0,0.0,1.0,0.0,0.3768844221,150.0,244.0,0.6130653266,0.0,1.0,0.0326633166,13.0,0.0,0.0,0
385.0,55.0,2.0,4.0,8.0,7.0,True,329.0,0.0,3.0,2.0,0.3130699088,103.0,200.0,0.6079027356,0.0,0.0,0.0060790274,2.0,2.0,0.0,0
227.0,63.0,7.0,15.0,11.0,6.0,True,251.0,0.0,0.0,0.0,0.3545816733,89.0,160.0,0.6374501992,0.0,0.0,0.0,0.0,0.0,0.0,0
270.0,34.0,3.0,4.0,8.0,5.0,True,354.0,0.0,4.0,0.0,0.3389830508,120.0,212.0,0.5988700565,0.0,1.0,0.0254237288,9.0,2.0,1.0,0
305.0,64.0,5.0,7.0,7.0,7.0,True,1290.0,0.0,0.0,0.0,0.2395348837,309.0,888.0,0.688372093,0.0,0.0,0.0093023256,12.0,0.0,0.0,0
346.0,40.0,2.0,4.0,9.0,5.0,True,479.0,0.0,1.0,0.0,0.2129436326,102.0,333.0,0.6951983299,0.0,1.0,0.0020876827,1.0,0.0,0.0,0
294.0,25.0,2.0,2.0,0.0,3.0,True,42.0,0.0,2.0,0.0,0.5,21.0,21.0,0.5,0.0,1.0,0.0476190476,2.0,1.0,0.0,0
348.0,80.0,4.0,4.0,4.0,7.0,True,1094.0,0.0,3.0,0.0,0.3281535649,359.0,492.0,0.449725777,0.0,1.0,0.0109689214,12.0,1.0,1.0,0
357.0,62.0,3.0,5.0,7.0,4.0,True,513.0,0.0,2.0,0.0,0.3528265107,181.0,323.0,0.6296296296,0.0,2.0,0.007797271,4.0,0.0,0.0,0
199.0,20.0,2.0,6.0,9.0,3.0,True,125.0,0.0,2.0,0.0,0.488,61.0,63.0,0.504,0.0,1.0,0.008,1.0,1.0,0.0,0
304.0,44.0,4.0,11.0,7.0,7.0,True,180.0,0.0,3.0,0.0,0.5111111111,92.0,69.0,0.3833333333,0.0,2.0,0.0,0.0,1.0,0.0,0
480.0,150.0,7.0,14.0,10.0,7.0,True,174.0,0.0,1.0,0.0,0.316091954,55.0,98.0,0.5632183908,0.0,1.0,0.0114942529,2.0,0.0,0.0,0
224.0,11.0,4.0,5.0,2.0,3.0,True,234.0,0.0,1.0,0.0,0.5683760684,133.0,89.0,0.3803418803,0.0,0.0,0.0085470085,2.0,1.0,0.0,0
272.0,43.0,6.0,7.0,6.0,4.0,True,364.0,0.0,0.0,0.0,0.3379120879,123.0,237.0,0.6510989011,0.0,0.0,0.0164835165,6.0,0.0,0.0,0
316.0,67.0,5.0,9.0,7.0,9.0,True,249.0,0.0,5.0,1.0,0.5421686747,135.0,107.0,0.4297188755,0.0,3.0,0.0040160643,1.0,1.0,0.0,1
,,,,,,,707.0,0.0,2.0,0.0,0.369165488,261.0,406.0,0.5742574257,1.0,0.0,0.0141442716,10.0,1.0,0.0,1
336.0,32.0,4.0,4.0,7.0,5.0,True,263.0,0.0,2.0,0.0,0.4828897338,127.0,124.0,0.4714828897,0.0,1.0,0.0114068441,3.0,1.0,0.0,1
325.0,66.0,4.0,16.0,17.0,8.0,True,281.0,0.0,2.0,0.0,0.3985765125,112.0,100.0,0.3558718861,0.0,1.0,0.0,0.0,0.0,1.0,1
299.0,86.0,7.0,14.0,18.0,7.0,True,546.0,0.0,4.0,1.0,0.4468864469,244.0,298.0,0.5457875458,0.0,1.0,0.0238095238,13.0,3.0,0.0,1
300.0,57.0,6.0,6.0,9.0,6.0,True,988.0,0.0,0.0,0.0,0.4139676113,409.0,525.0,0.5313765182,0.0,0.0,0.0141700405,14.0,0.0,0.0,1
252.0,37.0,4.0,23.0,9.0,7.0,True,441.0,3.0,3.0,1.0,0.4444444444,196.0,245.0,0.5555555556,0.0,2.0,0.022675737,10.0,0.0,0.0,1
262.0,33.0,7.0,7.0,12.0,4.0,True,277.0,0.0,0.0,0.0,0.642599278,178.0,97.0,0.3501805054,0.0,0.0,0.0036101083,1.0,0.0,0.0,1
285.0,44.0,3.0,4.0,7.0,9.0,True,426.0,0.0,1.0,1.0,0.3356807512,143.0,258.0,0.6056338028,0.0,0.0,0.0070422535,3.0,1.0,0.0,1
180.0,36.0,0.0,4.0,8.0,5.0,True,187.0,0.0,1.0,0.0,0.3796791444,71.0,37.0,0.1978609626,1.0,0.0,0.0053475936,1.0,0.0,0.0,1
330.0,84.0,7.0,11.0,32.0,9.0,True,334.0,0.0,2.0,0.0,0.6047904192,202.0,128.0,0.3832335329,0.0,2.0,0.005988024,2.0,0.0,0.0,1
302.0,53.0,4.0,6.0,7.0,8.0,True,321.0,0.0,1.0,0.0,0.4236760125,136.0,162.0,0.5046728972,0.0,1.0,0.0031152648,1.0,0.0,0.0,1
256.0,48.0,2.0,4.0,7.0,5.0,True,569.0,0.0,1.0,0.0,0.4622144112,263.0,288.0,0.5061511424,0.0,1.0,0.014059754,8.0,0.0,0.0,1
273.0,57.0,15.0,17.0,13.0,7.0,True,283.0,0.0,0.0,0.0,0.5653710247,160.0,116.0,0.4098939929,0.0,0.0,0.0035335689,1.0,0.0,0.0,1
288.0,36.0,7.0,8.0,9.0,4.0,True,149.0,0.0,4.0,2.0,0.5771812081,86.0,59.0,0.3959731544,2.0,2.0,0.0134228188,2.0,1.0,0.0,1
275.0,38.0,8.0,10.0,4.0,4.0,True,108.0,0.0,2.0,0.0,0.462962963,50.0,41.0,0.3796296296,0.0,2.0,0.0,0.0,0.0,0.0,1
272.0,42.0,4.0,7.0,5.0,5.0,True,300.0,0.0,1.0,1.0,0.36,108.0,190.0,0.6333333333,0.0,1.0,0.01,3.0,1.0,0.0,1
,,,,,,,195.0,0.0,0.0,0.0,0.5282051282,103.0,90.0,0.4615384615,0.0,0.0,0.0,0.0,0.0,0.0,1
337.0,69.0,10.0,11.0,8.0,8.0,True,1518.0,0.0,7.0,3.0,0.5138339921,780.0,719.0,0.4736495389,2.0,0.0,0.0072463768,11.0,5.0,0.0,1
286.0,56.0,0.0,10.0,11.0,9.0,True,124.0,0.0,0.0,0.0,0.3306451613,41.0,48.0,0.3870967742,0.0,0.0,0.0080645161,1.0,0.0,0.0,1
226.0,9.0,2.0,3.0,4.0,2.0,True,116.0,0.0,2.0,0.0,0.4396551724,51.0,64.0,0.5517241379,0.0,2.0,0.0172413793,2.0,0.0,0.0,1
305.0,68.0,7.0,7.0,8.0,7.0,True,210.0,0.0,2.0,0.0,0.4666666667,98.0,88.0,0.419047619,0.0,1.0,0.0142857143,3.0,1.0,0.0,1
282.0,39.0,6.0,6.0,4.0,6.0,True,168.0,0.0,1.0,0.0,0.7023809524,118.0,26.0,0.1547619048,0.0,1.0,0.0,0.0,0.0,0.0,1
304.0,29.0,3.0,3.0,2.0,6.0,True,565.0,0.0,2.0,0.0,0.5079646018,287.0,238.0,0.4212389381,0.0,1.0,0.017699115,10.0,1.0,0.0,1
,,,,,,,441.0,0.0,3.0,1.0,0.4444444444,196.0,245.0,0.5555555556,0.0,2.0,0.022675737,10.0,0.0,0.0,1
287.0,62.0,3.0,5.0,10.0,7.0,True,1111.0,0.0,10.0,1.0,0.3699369937,411.0,661.0,0.5949594959,0.0,3.0,0.0063006301,7.0,6.0,1.0,1
271.0,54.0,3.0,3.0,5.0,7.0,True,275.0,0.0,1.0,0.0,0.3418181818,94.0,171.0,0.6218181818,0.0,0.0,0.0,0.0,1.0,0.0,1
327.0,85.0,4.0,5.0,6.0,9.0,True,179.0,0.0,2.0,0.0,0.4469273743,80.0,98.0,0.5474860335,0.0,1.0,0.0223463687,4.0,1.0,0.0,1
334.0,53.0,4.0,8.0,2.0,6.0,True,116.0,0.0,7.0,0.0,0.3706896552,43.0,37.0,0.3189655172,0.0,6.0,0.0,0.0,1.0,0.0,1
454.0,172.0,7.0,23.0,69.0,7.0,True,251.0,0.0,2.0,0.0,0.5099601594,128.0,98.0,0.390438247,0.0,0.0,0.0119521912,3.0,2.0,0.0,1
299.0,66.0,3.0,4.0,10.0,9.0,True,560.0,0.0,3.0,0.0,0.475,266.0,227.0,0.4053571429,0.0,2.0,0.0142857143,8.0,1.0,0.0,1
340.0,61.0,8.0,13.0,4.0,9.0,True,24.0,0.0,1.0,0.0,0.625,15.0,8.0,0.3333333333,0.0,0.0,0.0416666667,1.0,1.0,0.0,1
303.0,43.0,4.0,5.0,9.0,6.0,True,376.0,0.0,1.0,0.0,0.4361702128,164.0,203.0,0.539893617,0.0,0.0,0.0106382979,4.0,0.0,1.0,1
282.0,45.0,3.0,5.0,5.0,6.0,True,801.0,0.0,4.0,0.0,0.3258426966,261.0,519.0,0.6479400749,0.0,2.0,0.0162297129,13.0,2.0,0.0,1
325.0,44.0,5.0,7.0,7.0,6.0,True,192.0,0.0,2.0,0.0,0.3854166667,74.0,115.0,0.5989583333,0.0,2.0,0.0104166667,2.0,0.0,0.0,1
292.0,26.0,1.0,1.0,0.0,4.0,True,185.0,0.0,2.0,0.0,0.5243243243,97.0,87.0,0.4702702703,0.0,1.0,0.0108108108,2.0,1.0,0.0,1
346.0,140.0,9.0,12.0,31.0,6.0,True,459.0,0.0,2.0,0.0,0.5010893246,230.0,225.0,0.4901960784,0.0,1.0,0.0021786492,1.0,1.0,0.0,1
297.0,62.0,3.0,7.0,8.0,7.0,True,457.0,0.0,5.0,0.0,0.5273522976,241.0,174.0,0.3807439825,1.0,2.0,0.0065645514,3.0,2.0,0.0,1
389.0,110.0,1.0,5.0,25.0,9.0,True,495.0,0.0,0.0,0.0,0.4929292929,244.0,232.0,0.4686868687,0.0,0.0,0.004040404,2.0,0.0,0.0,1
314.0,88.0,14.0,25.0,25.0,7.0,True,193.0,0.0,0.0,0.0,0.4974093264,96.0,72.0,0.3730569948,0.0,0.0,0.0,0.0,0.0,0.0,1
305.0,46.0,3.0,3.0,4.0,8.0,True,290.0,0.0,1.0,0.0,0.4620689655,134.0,132.0,0.4551724138,0.0,1.0,0.0275862069,8.0,0.0,0.0,1
249.0,40.0,6.0,6.0,3.0,3.0,True,28.0,0.0,0.0,0.0,0.5714285714,16.0,12.0,0.4285714286,0.0,0.0,0.0,0.0,0.0,0.0,1
343.0,84.0,8.0,9.0,30.0,9.0,True,405.0,0.0,2.0,0.0,0.5283950617,214.0,170.0,0.4197530864,0.0,0.0,0.012345679,5.0,2.0,0.0,1
288.0,59.0,5.0,6.0,5.0,5.0,True,19.0,0.0,1.0,0.0,0.3157894737,6.0,6.0,0.3157894737,0.0,0.0,0.0,0.0,1.0,0.0,1
403.0,177.0,4.0,11.0,36.0,9.0,True,894.0,0.0,1.0,0.0,0.4351230425,389.0,452.0,0.5055928412,0.0,1.0,0.0078299776,7.0,0.0,0.0,1
271.0,42.0,4.0,5.0,1.0,4.0,True,114.0,0.0,0.0,0.0,0.3333333333,38.0,72.0,0.6315789474,0.0,0.0,0.0,0.0,0.0,0.0,1
201.0,24.0,3.0,10.0,8.0,0.0,False,718.0,0.0,4.0,0.0,0.3802228412,273.0,417.0,0.5807799443,1.0,3.0,0.0250696379,18.0,0.0,0.0,1
300.0,45.0,5.0,5.0,4.0,8.0,True,1873.0,0.0,1.0,1.0,0.4911906033,920.0,904.0,0.482648158,0.0,1.0,0.006406834,12.0,1.0,0.0,1
270.0,16.0,6.0,7.0,11.0,2.0,True,781.0,0.0,0.0,0.0,0.4699103713,367.0,392.0,0.5019206146,0.0,0.0,0.0038412292,3.0,0.0,0.0,1
364.0,70.0,15.0,15.0,9.0,5.0,False,1037.0,0.0,2.0,0.0,0.4300867888,446.0,547.0,0.5274831244,0.0,2.0,0.0057859209,6.0,0.0,0.0,1
352.0,121.0,18.0,21.0,38.0,5.0,True,143.0,0.0,2.0,0.0,0.4475524476,64.0,39.0,0.2727272727,0.0,2.0,0.027972028,4.0,0.0,0.0,1
293.0,33.0,3.0,4.0,8.0,5.0,True,89.0,0.0,2.0,0.0,0.4382022472,39.0,41.0,0.4606741573,0.0,1.0,0.0,0.0,1.0,0.0,1
244.0,31.0,7.0,12.0,7.0,4.0,True,464.0,0.0,3.0,2.0,0.4418103448,205.0,247.0,0.5323275862,0.0,2.0,0.0021551724,1.0,2.0,0.0,1
307.0,28.0,9.0,10.0,9.0,5.0,True,977.0,0.0,1.0,0.0,0.2947799386,288.0,680.0,0.6960081883,0.0,1.0,0.0040941658,4.0,0.0,0.0,1
295.0,52.0,2.0,2.0,4.0,9.0,True,877.0,0.0,3.0,1.0,0.3580387685,314.0,530.0,0.6043329532,0.0,2.0,0.0102622577,9.0,0.0,0.0,1
335.0,60.0,5.0,12.0,9.0,7.0,True,817.0,0.0,10.0,2.0,0.4259485924,348.0,425.0,0.5201958384,0.0,1.0,0.0122399021,10.0,3.0,6.0,1
227.0,10.0,3.0,6.0,4.0,0.0,False,227.0,0.0,1.0,0.0,0.4757709251,108.0,115.0,0.5066079295,0.0,1.0,0.0044052863,1.0,0.0,0.0,1
312.0,53.0,1.0,5.0,10.0,8.0,True,896.0,0.0,4.0,2.0,0.5078125,455.0,373.0,0.4162946429,1.0,2.0,0.0,0.0,1.0,0.0,1
337.0,40.0,8.0,16.0,1.0,6.0,True,540.0,0.0,1.0,0.0,0.4277777778,231.0,292.0,0.5407407407,0.0,1.0,0.0240740741,13.0,0.0,0.0,1
246.0,47.0,4.0,6.0,4.0,8.0,True,103.0,0.0,0.0,0.0,0.4174757282,43.0,56.0,0.5436893204,0.0,0.0,0.0097087379,1.0,0.0,0.0,1
362.0,107.0,7.0,17.0,21.0,7.0,True,69.0,0.0,4.0,2.0,0.4927536232,34.0,21.0,0.3043478261,0.0,2.0,0.0724637681,5.0,0.0,0.0,1
360.0,52.0,0.0,0.0,6.0,5.0,True,429.0,0.0,0.0,0.0,0.4568764569,196.0,221.0,0.5151515152,0.0,0.0,0.020979021,9.0,0.0,0.0,1
247.0,29.0,2.0,6.0,2.0,1.0,True,49.0,0.0,2.0,2.0,0.7755102041,38.0,10.0,0.2040816327,0.0,0.0,0.0,0.0,1.0,0.0,1
224.0,7.0,7.0,7.0,2.0,2.0,True,591.0,0.0,3.0,0.0,0.5296108291,313.0,251.0,0.4247038917,1.0,1.0,0.0101522843,6.0,1.0,0.0,1
291.0,37.0,0.0,7.0,9.0,6.0,True,92.0,0.0,0.0,0.0,0.5652173913,52.0,38.0,0.4130434783,0.0,0.0,0.0,0.0,0.0,0.0,1
339.0,126.0,10.0,10.0,31.0,6.0,True,142.0,0.0,1.0,0.0,0.4295774648,61.0,80.0,0.5633802817,0.0,1.0,0.0281690141,4.0,0.0,0.0,1
307.0,91.0,3.0,3.0,20.0,6.0,True,530.0,0.0,1.0,0.0,0.3339622642,177.0,344.0,0.6490566038,0.0,0.0,0.0037735849,2.0,0.0,1.0,1
265.0,28.0,3.0,7.0,2.0,5.0,True,1055.0,0.0,3.0,1.0,0.4255924171,449.0,595.0,0.5639810427,0.0,2.0,0.0028436019,3.0,1.0,0.0,1
248.0,21.0,2.0,2.0,0.0,5.0,True,1126.0,0.0,2.0,0.0,0.3206039076,361.0,736.0,0.6536412078,0.0,2.0,0.0079928952,9.0,0.0,0.0,1
283.0,24.0,0.0,1.0,1.0,5.0,True,253.0,0.0,3.0,0.0,0.2055335968,52.0,187.0,0.7391304348,0.0,1.0,0.0079051383,2.0,1.0,1.0,1
264.0,27.0,1.0,3.0,2.0,6.0,True,663.0,0.0,1.0,0.0,0.544494721,361.0,300.0,0.4524886878,0.0,1.0,0.0165912519,11.0,0.0,0.0,1
235.0,21.0,3.0,3.0,3.0,5.0,True,561.0,0.0,0.0,0.0,0.5704099822,320.0,221.0,0.3939393939,0.0,0.0,0.0035650624,2.0,0.0,0.0,1
260.0,57.0,1.0,2.0,23.0,6.0,True,283.0,0.0,1.0,0.0,0.4522968198,128.0,147.0,0.519434629,0.0,1.0,0.0,0.0,0.0,0.0,1
265.0,49.0,1.0,1.0,11.0,8.0,True,350.0,0.0,5.0,1.0,0.3771428571,132.0,210.0,0.6,1.0,2.0,0.0085714286,3.0,1.0,0.0,1
206.0,10.0,2.0,2.0,0.0,1.0,True,121.0,0.0,0.0,0.0,0.4710743802,57.0,64.0,0.5289256198,0.0,0.0,0.0165289256,2.0,0.0,0.0,1
273.0,43.0,1.0,5.0,2.0,5.0,True,286.0,0.0,3.0,0.0,0.506993007,145.0,136.0,0.4755244755,0.0,3.0,0.0034965035,1.0,0.0,0.0,1
344.0,131.0,9.0,15.0,20.0,6.0,True,693.0,0.0,4.0,1.0,0.3939393939,273.0,411.0,0.5930735931,0.0,1.0,0.0202020202,14.0,3.0,0.0,1
373.0,117.0,9.0,10.0,35.0,9.0,True,524.0,0.0,4.0,0.0,0.5190839695,272.0,238.0,0.4541984733,0.0,2.0,0.0152671756,8.0,1.0,1.0,1
406.0,140.0,5.0,12.0,45.0,9.0,True,457.0,0.0,1.0,0.0,0.3741794311,171.0,234.0,0.5120350109,0.0,0.0,0.0065645514,3.0,1.0,0.0,1
253.0,36.0,5.0,13.0,13.0,2.0,False,125.0,0.0,5.0,0.0,0.52,65.0,56.0,0.448,0.0,1.0,0.048,6.0,4.0,0.0,1
309.0,66.0,0.0,6.0,6.0,6.0,True,822.0,0.0,2.0,0.0,0.4428223844,364.0,425.0,0.5170316302,0.0,1.0,0.0121654501,10.0,1.0,0.0,1
279.0,54.0,1.0,1.0,5.0,5.0,True,1781.0,0.0,2.0,1.0,0.3947220663,703.0,1017.0,0.5710275126,0.0,0.0,0.0218978102,39.0,1.0,0.0,1
252.0,43.0,1.0,5.0,3.0,5.0,True,528.0,0.0,4.0,0.0,0.4678030303,247.0,268.0,0.5075757576,0.0,2.0,0.0284090909,15.0,2.0,0.0,1
323.0,57.0,5.0,10.0,9.0,7.0,True,832.0,0.0,0.0,0.0,0.4939903846,411.0,394.0,0.4735576923,0.0,0.0,0.0060096154,5.0,0.0,0.0,1
303.0,72.0,4.0,4.0,8.0,4.0,True,908.0,0.0,1.0,1.0,0.6773127753,615.0,290.0,0.3193832599,0.0,1.0,0.0143171806,13.0,0.0,0.0,1
302.0,59.0,2.0,3.0,7.0,9.0,True,184.0,0.0,0.0,0.0,0.5163043478,95.0,86.0,0.4673913043,0.0,0.0,0.0163043478,3.0,0.0,0.0,1
256.0,20.0,1.0,1.0,2.0,6.0,True,471.0,0.0,2.0,0.0,0.6178343949,291.0,171.0,0.3630573248,0.0,2.0,0.0106157113,5.0,0.0,0.0,1
240.0,13.0,2.0,4.0,2.0,1.0,True,449.0,0.0,1.0,1.0,0.5879732739,264.0,175.0,0.3897550111,0.0,0.0,0.0066815145,3.0,1.0,0.0,1
373.0,58.0,2.0,2.0,9.0,8.0,True,430.0,0.0,2.0,0.0,0.5023255814,216.0,206.0,0.4790697674,0.0,0.0,0.0023255814,1.0,2.0,0.0,1
319.0,43.0,2.0,2.0,3.0,7.0,True,212.0,0.0,1.0,0.0,0.3018867925,64.0,140.0,0.6603773585,0.0,0.0,0.0094339623,2.0,1.0,0.0,1
238.0,29.0,2.0,3.0,5.0,5.0,True,710.0,0.0,2.0,0.0,0.4,284.0,420.0,0.5915492958,0.0,0.0,0.0014084507,1.0,2.0,0.0,1
290.0,42.0,5.0,13.0,4.0,7.0,True,25.0,0.0,0.0,0.0,0.48,12.0,13.0,0.52,0.0,0.0,0.04,1.0,0.0,0.0,1
331.0,88.0,7.0,7.0,11.0,8.0,True,1052.0,0.0,1.0,0.0,0.4733840304,498.0,525.0,0.4990494297,0.0,1.0,0.0370722433,39.0,0.0,0.0,1
345.0,57.0,1.0,2.0,4.0,5.0,True,294.0,0.0,2.0,0.0,0.3571428571,105.0,186.0,0.6326530612,0.0,1.0,0.0102040816,3.0,1.0,0.0,1
366.0,52.0,0.0,4.0,4.0,4.0,True,389.0,0.0,2.0,1.0,0.3598971722,140.0,248.0,0.6375321337,0.0,1.0,0.0077120823,3.0,0.0,0.0,1
288.0,82.0,4.0,5.0,6.0,7.0,True,525.0,0.0,3.0,0.0,0.3904761905,205.0,316.0,0.6019047619,0.0,1.0,0.0247619048,13.0,2.0,0.0,1
320.0,34.0,3.0,5.0,4.0,6.0,True,151.0,0.0,0.0,0.0,0.357615894,54.0,84.0,0.5562913907,0.0,0.0,0.0,0.0,0.0,0.0,1
,,,,,,,503.0,2.0,0.0,0.0,0.393638171,198.0,301.0,0.5984095427,0.0,0.0,0.0019880716,1.0,0.0,0.0,1
266.0,67.0,5.0,9.0,10.0,9.0,True,165.0,0.0,1.0,0.0,0.4424242424,73.0,90.0,0.5454545455,0.0,0.0,0.0060606061,1.0,0.0,1.0,1
161.0,28.0,2.0,5.0,15.0,1.0,True,320.0,0.0,0.0,0.0,0.5375,172.0,142.0,0.44375,0.0,0.0,0.015625,5.0,0.0,0.0,1
299.0,51.0,8.0,12.0,13.0,8.0,True,274.0,0.0,3.0,2.0,0.4233576642,116.0,142.0,0.5182481752,0.0,0.0,0.0,0.0,3.0,0.0,1
256.0,40.0,2.0,4.0,1.0,5.0,True,374.0,0.0,2.0,0.0,0.6069518717,227.0,110.0,0.2941176471,1.0,0.0,0.0026737968,1.0,1.0,0.0,1
279.0,73.0,3.0,5.0,11.0,6.0,True,313.0,0.0,0.0,0.0,0.6134185304,192.0,119.0,0.3801916933,0.0,0.0,0.0063897764,2.0,0.0,0.0,1
,,,,,,,255.0,0.0,0.0,0.0,0.337254902,86.0,120.0,0.4705882353,0.0,0.0,0.0392156863,10.0,0.0,0.0,1
331.0,71.0,2.0,2.0,13.0,8.0,True,162.0,0.0,2.0,0.0,0.512345679,83.0,79.0,0.487654321,0.0,2.0,0.012345679,2.0,0.0,0.0,1
261.0,36.0,4.0,4.0,2.0,7.0,True,481.0,0.0,0.0,0.0,0.4906444906,236.0,233.0,0.4844074844,0.0,0.0,0.0311850312,15.0,0.0,0.0,1
292.0,62.0,2.0,2.0,4.0,5.0,True,1103.0,0.0,0.0,0.0,0.476881233,526.0,554.0,0.5022665458,0.0,0.0,0.0498640073,55.0,0.0,0.0,1
327.0,107.0,0.0,1.0,15.0,6.0,True,159.0,0.0,0.0,0.0,0.4465408805,71.0,78.0,0.4905660377,0.0,0.0,0.0062893082,1.0,0.0,0.0,1
286.0,26.0,2.0,3.0,1.0,3.0,True,182.0,0.0,0.0,0.0,0.6263736264,114.0,64.0,0.3516483516,0.0,0.0,0.0164835165,3.0,0.0,0.0,1
310.0,62.0,2.0,5.0,1.0,5.0,True,409.0,0.0,0.0,0.0,0.4009779951,164.0,192.0,0.4694376528,0.0,0.0,0.0122249389,5.0,0.0,0.0,1
,,,,,,,479.0,0.0,5.0,1.0,0.4425887265,212.0,244.0,0.509394572,0.0,3.0,0.0104384134,5.0,2.0,0.0,1
304.0,45.0,1.0,1.0,6.0,6.0,True,336.0,0.0,1.0,0.0,0.5416666667,182.0,142.0,0.4226190476,1.0,0.0,0.0178571429,6.0,0.0,0.0,1
234.0,25.0,5.0,15.0,2.0,2.0,True,125.0,0.0,1.0,0.0,0.624,78.0,47.0,0.376,0.0,1.0,0.008,1.0,0.0,0.0,1
289.0,46.0,2.0,2.0,2.0,8.0,True,871.0,0.0,1.0,0.0,0.3685419059,321.0,549.0,0.6303099885,0.0,0.0,0.009184845,8.0,1.0,0.0,1
304.0,82.0,5.0,6.0,11.0,5.0,True,955.0,0.0,3.0,2.0,0.5204188482,497.0,442.0,0.4628272251,0.0,1.0,0.0115183246,11.0,0.0,0.0,1
295.0,35.0,0.0,3.0,2.0,7.0,True,245.0,0.0,0.0,0.0,0.5795918367,142.0,103.0,0.4204081633,0.0,0.0,0.0,0.0,0.0,0.0,1
257.0,32.0,2.0,4.0,3.0,6.0,True,551.0,0.0,2.0,0.0,0.3194192377,176.0,372.0,0.6751361162,0.0,0.0,0.001814882,1.0,2.0,0.0,1
246.0,37.0,3.0,4.0,8.0,6.0,True,100.0,0.0,0.0,0.0,0.48,48.0,51.0,0.51,0.0,0.0,0.0,0.0,0.0,0.0,1
234.0,19.0,3.0,6.0,1.0,3.0,True,83.0,0.0,0.0,0.0,0.5060240964,42.0,37.0,0.4457831325,0.0,0.0,0.0,0.0,0.0,0.0,1
301.0,71.0,2.0,8.0,11.0,6.0,True,831.0,0.0,0.0,0.0,0.1805054152,150.0,676.0,0.8134777377,0.0,0.0,0.0096269555,8.0,0.0,0.0,1
261.0,39.0,3.0,4.0,6.0,4.0,True,95.0,0.0,0.0,0.0,0.4210526316,40.0,55.0,0.5789473684,0.0,0.0,0.0,0.0,0.0,0.0,1
318.0,75.0,1.0,3.0,10.0,8.0,True,256.0,0.0,0.0,0.0,0.4453125,114.0,115.0,0.44921875,0.0,0.0,0.01171875,3.0,0.0,0.0,1
218.0,30.0,2.0,5.0,3.0,5.0,True,218.0,0.0,4.0,1.0,0.4266055046,93.0,123.0,0.5642201835,0.0,3.0,0.0137614679,3.0,1.0,0.0,1
385.0,181.0,2.0,3.0,48.0,9.0,True,303.0,0.0,0.0,0.0,0.4389438944,133.0,122.0,0.402640264,0.0,0.0,0.0099009901,3.0,0.0,0.0,1
256.0,22.0,4.0,7.0,5.0,5.0,True,297.0,0.0,2.0,1.0,0.4747474747,141.0,143.0,0.4814814815,0.0,2.0,0.0,0.0,1.0,0.0,1
,,,,,,,254.0,0.0,1.0,0.0,0.4527559055,115.0,124.0,0.4881889764,0.0,1.0,0.0196850394,5.0,0.0,0.0,1
287.0,57.0,2.0,3.0,2.0,5.0,True,237.0,0.0,2.0,0.0,0.5358649789,127.0,110.0,0.4641350211,0.0,2.0,0.0084388186,2.0,0.0,0.0,1
